"seq_name	","sampling_date	","province_name	","sampling_area_name	","sampling_site_name	","source_of_water	","GI.1a	","GI.1b	","GI.2	","GI.3a	","GI.3b1	","GI.3b2	","GI.3c	","GI.3d	","GI.4a	","GI.4b	","GI.5a1	","GI.5a2	","GI.5b	","GI.6a	","GI.6b	","GI.7a	","GI.7b	","GI.7c	","GI.9	","GI.NA	",null1,null2
MN494369_20171023_AM_01_GI.3c,2017-10-23,Gyeonggi,F,AM,Stream,"	","	","	","	","	","	",positive,,,,,,,,,,,,,,,
MN494370_20171023_AM_02_GI.1b,2017-10-23,Gyeonggi,F,AM,Stream,"	",positive,,,,,,,,,,,,,,,,,,,,
MN494371_20171023_AM_06_GI.4b,2017-10-23,Gyeonggi,F,AM,Stream,"	","	","	","	","	","	","	","	","	",positive,,,,,,,,,,,,
MN494372_20171103_AS_01_GI.1b,2017-11-03,Gyeonggi,G,AS,Stream,"	",positive,,,,,,,,,,,,,,,,,,,,
MN494373_20171103_AS_03_GI.3c,2017-11-03,Gyeonggi,G,AS,Stream,"	","	","	","	","	","	",positive,,,,,,,,,,,,,,,
MN494374_20171208_FL01B_01_GI.5b,2017-12-08,South Jeolla,C,FL01B,Stream,"	","	","	","	","	","	","	","	","	","	","	","	",positive,,,,,,,,,
MN494375_20171211_AS_01_GI.5b,2017-12-11,Gyeonggi,G,AS,Stream,"	","	","	","	","	","	","	","	","	","	","	","	",positive,,,,,,,,,
MN494376_20171211_AS_02_GI.1b,2017-12-11,Gyeonggi,G,AS,Stream,"	",positive,,,,,,,,,,,,,,,,,,,,
MN494377_20171213_AM_02_GI.5b,2017-12-13,Gyeonggi,F,AM,Stream,"	","	","	","	","	","	","	","	","	","	","	","	",positive,,,,,,,,,
MN494378_20171213_AM_04_GI.4a,2017-12-13,Gyeonggi,F,AM,Stream,"	","	","	","	","	","	","	","	",positive,,,,,,,,,,,,,
MN494379_20171213_AM_05_GI.1b,2017-12-13,Gyeonggi,F,AM,Stream,"	",positive,,,,,,,,,,,,,,,,,,,,
MN494380_20180213_AS_01_GI.5a2,2018-02-13,Gyeonggi,G,AS,Stream,"	","	","	","	","	","	","	","	","	","	","	",positive,,,,,,,,,,
MN494382_20180213_AS_03_GI.2,2018-02-13,Gyeonggi,G,AS,Stream,"	","	",positive,,,,,,,,,,,,,,,,,,,
MN494383_20180213_AS_04_GI.1b,2018-02-13,Gyeonggi,G,AS,Stream,"	",positive,,,,,,,,,,,,,,,,,,,,
MN494384_20180213_AS_06_GI.3b2,2018-02-13,Gyeonggi,G,AS,Stream,"	","	","	","	","	",positive,,,,,,,,,,,,,,,,
MN494385_20180219_FL01B_03_GI.5b,2018-02-19,South Jeolla,C,FL01B,Stream,"	","	","	","	","	","	","	","	","	","	","	","	",positive,,,,,,,,,
MN494386_20180221_AM_01_GI.4a,2018-02-21,Gyeonggi,F,AM,Stream,"	","	","	","	","	","	","	","	",positive,,,,,,,,,,,,,
MN494387_20180221_AM_02_GI.5a1,2018-02-21,Gyeonggi,F,AM,Stream,"	","	","	","	","	","	","	","	","	","	",positive,,,,,,,,,,,
MN494388_20180221_AM_03_GI.5a2,2018-02-21,Gyeonggi,F,AM,Stream,"	","	","	","	","	","	","	","	","	","	","	",positive,,,,,,,,,,
MN494389_20180221_AM_04_GI.1b,2018-02-21,Gyeonggi,F,AM,Stream,"	",positive,,,,,,,,,,,,,,,,,,,,
MN494390_20180221_AM_05_GI.5b,2018-02-21,Gyeonggi,F,AM,Stream,"	","	","	","	","	","	","	","	","	","	","	","	",positive,,,,,,,,,
MN494391_20180221_AM_06_GI.2,2018-02-21,Gyeonggi,F,AM,Stream,"	","	",positive,,,,,,,,,,,,,,,,,,,
MN494392_20180223_DL02_01_GI.5a2,2018-02-23,North Gyeongsang,A,DL02,Stream,"	","	","	","	","	","	","	","	","	","	","	",positive,,,,,,,,,,
MN494393_20180411_FL01B_01_GI.5b,2018-04-11,South Jeolla,C,FL01B,Stream,"	","	","	","	","	","	","	","	","	","	","	","	",positive,,,,,,,,,
MN494394_20180420_AM_01_GI.4b,2018-04-20,Gyeonggi,F,AM,Stream,"	","	","	","	","	","	","	","	","	",positive,,,,,,,,,,,,
MN494395_20180420_AM_02_GI.1b,2018-04-20,Gyeonggi,F,AM,Stream,"	",positive,,,,,,,,,,,,,,,,,,,,
MN494396_20180420_AM_06_GI.5b,2018-04-20,Gyeonggi,F,AM,Stream,"	","	","	","	","	","	","	","	","	","	","	","	",positive,,,,,,,,,
MN494499_20171023_AME_01_GI.1b,2017-10-23,Gyeonggi,F,AME,Treated_sewage_effluent,"	",positive,,,,,,,,,,,,,,,,,,,,
MN494500_20171023_AME_02_GI.7c,2017-10-23,Gyeonggi,F,AME,Treated_sewage_effluent,"	","	","	","	","	","	","	","	","	","	","	","	","	","	","	","	","	",positive,,,,
MN494501_20171023_AME_04_GI.9,2017-10-23,Gyeonggi,F,AME,Treated_sewage_effluent,"	","	","	","	","	","	","	","	","	","	","	","	","	","	","	","	","	","	",positive,,,
MN494502_20171023_AME_06_GI.5a1,2017-10-23,Gyeonggi,F,AME,Treated_sewage_effluent,"	","	","	","	","	","	","	","	","	","	",positive,,,,,,,,,,,
MN494503_20171025_FE_01_GI.5a1,2017-10-25,South Jeolla,C,FE,Treated_sewage_effluent,"	","	","	","	","	","	","	","	","	","	",positive,,,,,,,,,,,
MN494504_20171025_FE_02_GI.1a,2017-10-25,South Jeolla,C,FE,Treated_sewage_effluent,positive,,,,,,,,,,,,,,,,,,,,,
MN494505_20171025_FE_04_GI.6a,2017-10-25,South Jeolla,C,FE,Treated_sewage_effluent,"	","	","	","	","	","	","	","	","	","	","	","	","	",positive,,,,,,,,
MN494506_20171025_FE_06_GI.5b,2017-10-25,South Jeolla,C,FE,Treated_sewage_effluent,"	","	","	","	","	","	","	","	","	","	","	","	",positive,,,,,,,,,
MN494507_20171027_MWE_01_GI.7c,2017-10-27,South Gyeongsang,E,MWE,Treated_sewage_effluent,"	","	","	","	","	","	","	","	","	","	","	","	","	","	","	","	","	",positive,,,,
MN494508_20171027_MWE_02_GI.1b,2017-10-27,South Gyeongsang,E,MWE,Treated_sewage_effluent,"	",positive,,,,,,,,,,,,,,,,,,,,
MN494509_20171027_MWE_06_GI.2,2017-10-27,South Gyeongsang,E,MWE,Treated_sewage_effluent,"	","	",positive,,,,,,,,,,,,,,,,,,,
MN494510_20171031_DE_01_GI.5a2,2017-10-31,North Gyeongsang,A,DE,Treated_sewage_effluent,"	","	","	","	","	","	","	","	","	","	","	",positive,,,,,,,,,,
MN494511_20171031_DE_02_GI.3a,2017-10-31,North Gyeongsang,A,DE,Treated_sewage_effluent,"	","	","	",positive,,,,,,,,,,,,,,,,,,
MN494512_20171031_DE_03_GI.7c,2017-10-31,North Gyeongsang,A,DE,Treated_sewage_effluent,"	","	","	","	","	","	","	","	","	","	","	","	","	","	","	","	","	",positive,,,,
MN494513_20171103_ASE_01_GI.2,2017-11-03,Gyeonggi,G,ASE,Treated_sewage_effluent,"	","	",positive,,,,,,,,,,,,,,,,,,,
MN494514_20171103_ASE_02_GI.1b,2017-11-03,Gyeonggi,G,ASE,Treated_sewage_effluent,"	",positive,,,,,,,,,,,,,,,,,,,,
MN494515_20171103_ASE_03_GI.5a1,2017-11-03,Gyeonggi,G,ASE,Treated_sewage_effluent,"	","	","	","	","	","	","	","	","	","	",positive,,,,,,,,,,,
MN494516_20171103_ASE_04_GI.6a,2017-11-03,Gyeonggi,G,ASE,Treated_sewage_effluent,"	","	","	","	","	","	","	","	","	","	","	","	","	",positive,,,,,,,,
MN494517_20171208_FE_01_GI.7c,2017-12-08,South Jeolla,C,FE,Treated_sewage_effluent,"	","	","	","	","	","	","	","	","	","	","	","	","	","	","	","	","	",positive,,,,
MN494518_20171208_FE_03_GI.1b,2017-12-08,South Jeolla,C,FE,Treated_sewage_effluent,"	",positive,,,,,,,,,,,,,,,,,,,,
MN494519_20171208_FE_05_GI.5a1,2017-12-08,South Jeolla,C,FE,Treated_sewage_effluent,"	","	","	","	","	","	","	","	","	","	",positive,,,,,,,,,,,
MN494520_20171211_ASE_02_GI.3d,2017-12-11,Gyeonggi,G,ASE,Treated_sewage_effluent,"	","	","	","	","	","	","	",positive,,,,,,,,,,,,,,
MN494521_20171211_ASE_03_GI.1b,2017-12-11,Gyeonggi,G,ASE,Treated_sewage_effluent,"	",positive,,,,,,,,,,,,,,,,,,,,
MN494522_20171213_AME_02_GI.3b2,2017-12-13,Gyeonggi,F,AME,Treated_sewage_effluent,"	","	","	","	","	",positive,,,,,,,,,,,,,,,,
MN494523_20171213_AME_03_GI.1b,2017-12-13,Gyeonggi,F,AME,Treated_sewage_effluent,"	",positive,,,,,,,,,,,,,,,,,,,,
MN494524_20171213_AME_04_GI.7c,2017-12-13,Gyeonggi,F,AME,Treated_sewage_effluent,"	","	","	","	","	","	","	","	","	","	","	","	","	","	","	","	","	",positive,,,,
MN494525_20171213_AME_06_GI.3c,2017-12-13,Gyeonggi,F,AME,Treated_sewage_effluent,"	","	","	","	","	","	",positive,,,,,,,,,,,,,,,
MN494526_20171220_DE_01_GI.5a1,2017-12-20,North Gyeongsang,A,DE,Treated_sewage_effluent,"	","	","	","	","	","	","	","	","	","	",positive,,,,,,,,,,,
MN494527_20171220_DE_02_GI.1a,2017-12-20,North Gyeongsang,A,DE,Treated_sewage_effluent,positive,,,,,,,,,,,,,,,,,,,,,
MN494528_20171220_DE_06_GI.3d,2017-12-20,North Gyeongsang,A,DE,Treated_sewage_effluent,"	","	","	","	","	","	","	",positive,,,,,,,,,,,,,,
MN494529_20171222_MWE_01_GI.7c,2017-12-22,South Gyeongsang,E,MWE,Treated_sewage_effluent,"	","	","	","	","	","	","	","	","	","	","	","	","	","	","	","	","	",positive,,,,
MN494530_20171222_MWE_02_GI.1b,2017-12-22,South Gyeongsang,E,MWE,Treated_sewage_effluent,"	",positive,,,,,,,,,,,,,,,,,,,,
MN494531_20171222_MWE_05_GI.2,2017-12-22,South Gyeongsang,E,MWE,Treated_sewage_effluent,"	","	",positive,,,,,,,,,,,,,,,,,,,
MN494532_20180209_MWE_01_GI.1b,2018-02-09,South Gyeongsang,E,MWE,Treated_sewage_effluent,"	",positive,,,,,,,,,,,,,,,,,,,,
MN494533_20180209_MWE_06_GI.2,2018-02-09,South Gyeongsang,E,MWE,Treated_sewage_effluent,"	","	",positive,,,,,,,,,,,,,,,,,,,
MN494534_20180213_ASE_01_GI.3a,2018-02-13,Gyeonggi,G,ASE,Treated_sewage_effluent,"	","	","	",positive,,,,,,,,,,,,,,,,,,
MN494535_20180213_ASE_02_GI.7c,2018-02-13,Gyeonggi,G,ASE,Treated_sewage_effluent,"	","	","	","	","	","	","	","	","	","	","	","	","	","	","	","	","	",positive,,,,
MN494536_20180213_ASE_04_GI.2,2018-02-13,Gyeonggi,G,ASE,Treated_sewage_effluent,"	","	",positive,,,,,,,,,,,,,,,,,,,
MN494537_20180213_ASE_05_GI.5b,2018-02-13,Gyeonggi,G,ASE,Treated_sewage_effluent,"	","	","	","	","	","	","	","	","	","	","	","	",positive,,,,,,,,,
MN494538_20180219_FE_01_GI.2,2018-02-19,South Jeolla,C,FE,Treated_sewage_effluent,"	","	",positive,,,,,,,,,,,,,,,,,,,
MN494539_20180219_FE_02_GI.6a,2018-02-19,South Jeolla,C,FE,Treated_sewage_effluent,"	","	","	","	","	","	","	","	","	","	","	","	","	",positive,,,,,,,,
MN494540_20180219_FE_03_GI.5b,2018-02-19,South Jeolla,C,FE,Treated_sewage_effluent,"	","	","	","	","	","	","	","	","	","	","	","	",positive,,,,,,,,,
MN494541_20180219_FE_05_GI.5a2,2018-02-19,South Jeolla,C,FE,Treated_sewage_effluent,"	","	","	","	","	","	","	","	","	","	","	",positive,,,,,,,,,,
MN494542_20180221_AME_01_GI.1b,2018-02-21,Gyeonggi,F,AME,Treated_sewage_effluent,"	",positive,,,,,,,,,,,,,,,,,,,,
MN494543_20180223_DE_01_GI.2,2018-02-23,North Gyeongsang,A,DE,Treated_sewage_effluent,"	","	",positive,,,,,,,,,,,,,,,,,,,
MN494544_20180223_DE_02_GI.1b,2018-02-23,North Gyeongsang,A,DE,Treated_sewage_effluent,"	",positive,,,,,,,,,,,,,,,,,,,,
MN494545_20180223_DE_03_GI.5b,2018-02-23,North Gyeongsang,A,DE,Treated_sewage_effluent,"	","	","	","	","	","	","	","	","	","	","	","	",positive,,,,,,,,,
MN494546_20180223_DE_05_GI.6a,2018-02-23,North Gyeongsang,A,DE,Treated_sewage_effluent,"	","	","	","	","	","	","	","	","	","	","	","	","	",positive,,,,,,,,
MN494547_20180411_FE_01_GI.5b,2018-04-11,South Jeolla,C,FE,Treated_sewage_effluent,"	","	","	","	","	","	","	","	","	","	","	","	",positive,,,,,,,,,
MN494548_20180411_FE_03_GI.4a,2018-04-11,South Jeolla,C,FE,Treated_sewage_effluent,"	","	","	","	","	","	","	","	",positive,,,,,,,,,,,,,
MN494549_20180411_FE_04_GI.3b2,2018-04-11,South Jeolla,C,FE,Treated_sewage_effluent,"	","	","	","	","	",positive,,,,,,,,,,,,,,,,
MN494550_20180413_DE_01_GI.5b,2018-04-13,North Gyeongsang,A,DE,Treated_sewage_effluent,"	","	","	","	","	","	","	","	","	","	","	","	",positive,,,,,,,,,
MN494551_20180413_DE_02_GI.1b,2018-04-13,North Gyeongsang,A,DE,Treated_sewage_effluent,"	",positive,,,,,,,,,,,,,,,,,,,,
MN494552_20180413_DE_04_GI.2,2018-04-13,North Gyeongsang,A,DE,Treated_sewage_effluent,"	","	",positive,,,,,,,,,,,,,,,,,,,
MN494553_20180418_MWE_01_GI.4b,2018-04-18,South Gyeongsang,E,MWE,Treated_sewage_effluent,"	","	","	","	","	","	","	","	","	",positive,,,,,,,,,,,,
MN494554_20180418_MWE_02_GI.1b,2018-04-18,South Gyeongsang,E,MWE,Treated_sewage_effluent,"	",positive,,,,,,,,,,,,,,,,,,,,
MN494555_20180418_MWE_04_GI.5b,2018-04-18,South Gyeongsang,E,MWE,Treated_sewage_effluent,"	","	","	","	","	","	","	","	","	","	","	","	",positive,,,,,,,,,
MN494556_20180418_MWE_06_GI.6a,2018-04-18,South Gyeongsang,E,MWE,Treated_sewage_effluent,"	","	","	","	","	","	","	","	","	","	","	","	","	",positive,,,,,,,,
MN494557_20180420_AME_02_GI.5a2,2018-04-20,Gyeonggi,F,AME,Treated_sewage_effluent,"	","	","	","	","	","	","	","	","	","	","	",positive,,,,,,,,,,
MN494558_20180420_AME_03_GI.2,2018-04-20,Gyeonggi,F,AME,Treated_sewage_effluent,"	","	",positive,,,,,,,,,,,,,,,,,,,
MN494559_20180420_AME_04_GI.1b,2018-04-20,Gyeonggi,F,AME,Treated_sewage_effluent,"	",positive,,,,,,,,,,,,,,,,,,,,
MN494561_20180425_ASE_02_GI.5a2,2018-04-25,Gyeonggi,G,ASE,Treated_sewage_effluent,"	","	","	","	","	","	","	","	","	","	","	",positive,,,,,,,,,,
MN494562_20180425_ASE_03_GI.2,2018-04-25,Gyeonggi,G,ASE,Treated_sewage_effluent,"	","	",positive,,,,,,,,,,,,,,,,,,,
MN494563_20180425_ASE_05_GI.5a1,2018-04-25,Gyeonggi,G,ASE,Treated_sewage_effluent,"	","	","	","	","	","	","	","	","	","	",positive,,,,,,,,,,,
